Gname,SSN,dueDate
Aaron,106691034,2020/11/20
Calvin,105047718,2020/04/20
Buckminster,101869474,2020/11/20
Burton,102388596,2020/06/26
Ainsley,100356671,2020/07/23
Alden,100816730,2019/12/24
Burton,103573925,2019/03/13
Aladdin,102056809,2020/11/09
Aiko,104840607,2020/03/31
Bruno,105047718,2019/02/25
Calvin,103419681,2019/08/27
Alden,102388596,2019/04/15
Abdul,102917700,2020/07/29
Abraham,101869474,2021/01/05
Cade,105638473,2019/10/19
Alan,105638473,2020/11/30
Aileen,103743476,2020/04/07
Aiko,103419681,2019/05/22
Bryar,100145628,2019/11/22
Aiko,102577164,2020/07/31
Callum,102056809,2020/08/13
Calvin,101869474,2020/03/22
Brooke,101025212,2020/07/25
Aladdin,103419681,2020/12/19
Britanney,102056809,2019/11/29
Caleb,104840607,2019/05/29
Buckminster,105638473,2021/02/03
Adrian,100241829,2019/11/27
Aidan,102388596,2020/12/14
Alea,104840607,2019/08/11
Bruno,102577164,2020/11/09
Adele,101267789,2019/10/19
Alea,102388596,2019/08/30
Abel,103997335,2021/01/23
Ainsley,104840607,2020/10/19
Callie,100816730,2020/04/01
Alan,103419681,2019/11/03
Cain,100145628,2020/05/08
Ainsley,100241829,2019/12/23
Burton,100356671,2019/06/02
Ainsley,106097536,2020/08/17
Callie,105638473,2021/01/03
Akeem,104840607,2021/01/18
Briar,101025212,2020/07/01
Bruce,102577164,2020/05/01
Alden,105638473,2019/11/14
Calvin,104840607,2019/08/18
Acton,103997335,2019/02/25
Cade,104840607,2020/03/13
Addison,106691034,2020/08/21
Adele,102917700,2019/07/29
Cain,100145628,2020/04/06
Adara,104840607,2019/02/19
Camden,106691034,2019/02/17
Adrienne,100145628,2021/01/03
Alden,106097536,2019/03/28
Cadman,101025212,2020/08/02
Ainsley,100356671,2019/04/30
Addison,101869474,2020/01/26
Alden,103743476,2020/11/11
Aladdin,101869474,2020/06/12
Brock,106691034,2020/09/25
Aiko,104840607,2019/10/24
Akeem,106097536,2021/02/04
Aiko,101025212,2019/03/20
Ahmed,105047718,2020/09/24
Aladdin,101267789,2019/11/08
Bruce,102577164,2019/12/22
Callum,105047718,2019/04/18
Adara,101869474,2020/04/24
Adele,102917700,2019/05/11
Briar,101025212,2020/04/07
Cadman,105638473,2019/05/30
Byron,102388596,2019/04/26
Ahmed,105638473,2019/06/30
Calvin,102388596,2020/02/09
Addison,103743476,2020/05/05
Adrienne,100241829,2020/07/18
Ainsley,100356671,2019/03/27
Aidan,102577164,2019/05/04
Brooke,105638473,2020/05/30
Adele,106691034,2019/02/17
Camden,105638473,2020/11/15
Aladdin,105047718,2019/10/02
Alan,105047718,2020/05/24
Aiko,101869474,2019/10/28
Aiko,101869474,2020/06/02
Cally,102917700,2019/05/16
Acton,101267789,2019/04/27
Alan,103997335,2019/07/31
Cailin,101025212,2019/03/13
Abraham,103573925,2019/12/06
Bruce,103573925,2020/01/07
Acton,100241829,2020/10/16
Aladdin,103573925,2019/11/21
Acton,100145628,2020/05/18
Aimee,102388596,2019/04/07
Ahmed,102917700,2020/01/03
Bryar,106691034,2020/04/07
Alea,103743476,2019/10/03
Adara,100145628,2020/03/03
Brock,102388596,2019/05/07
Britanni,103997335,2020/11/01
Abraham,103997335,2019/07/11
Abel,105047718,2019/03/26
Byron,105047718,2020/04/26
Akeem,101869474,2019/11/14
Callum,106097536,2020/01/03
Ahmed,100145628,2019/03/30
Addison,103419681,2020/10/31
Cailin,106097536,2020/11/02
Cairo,102056809,2020/04/09
Aileen,102388596,2019/09/26
Acton,101267789,2020/05/11
Aimee,100241829,2019/11/26
Callum,100356671,2019/02/19
Ainsley,100145628,2019/04/23
Adrienne,106097536,2020/08/22
Brock,103997335,2020/11/23
Britanney,105047718,2019/06/05
Aaron,103997335,2019/07/03
Alea,103419681,2019/09/07
Caldwell,102056809,2019/08/02
Brody,106097536,2020/04/19
Addison,103573925,2019/04/12
Ainsley,103743476,2019/05/12
Britanni,100356671,2019/12/06
Callie,101267789,2020/11/11
Burton,101869474,2020/07/20
Addison,105047718,2019/12/15
Adele,103743476,2021/01/21
Caesar,102917700,2020/09/27
Alan,103419681,2020/07/01
Aiko,100816730,2021/01/16
Alan,101869474,2019/06/15
Buckminster,102577164,2019/09/29
Aileen,101267789,2019/11/15
Caesar,100816730,2021/01/16
Ahmed,100356671,2019/09/17
Aladdin,100816730,2021/01/23
Alden,100816730,2021/01/30
Calvin,100356671,2019/03/15
Adele,104840607,2019/03/04
Abdul,100356671,2019/04/11
Brody,103573925,2020/06/21
Britanni,101025212,2019/04/11
Byron,100241829,2019/03/08
Acton,106097536,2020/02/03
Acton,106097536,2020/10/01
Cally,102917700,2019/03/30
Aiko,100145628,2020/04/27
Byron,104840607,2020/01/01
Adele,101869474,2019/07/03
Alea,101869474,2019/11/26
Burton,102917700,2020/08/22
Acton,105047718,2019/10/19
Calvin,104840607,2019/05/08
Adrian,101025212,2020/01/25
Brielle,100816730,2020/01/12
Cailin,106097536,2020/04/19
Aimee,102056809,2019/09/18
Bruno,102056809,2019/08/11
Britanni,102388596,2019/04/18
Caldwell,103573925,2019/05/12
Acton,102577164,2020/03/13
Buckminster,105638473,2020/05/18
Callie,102917700,2019/06/07
Aileen,102388596,2020/07/11
Adrienne,102577164,2019/10/04
Bruno,101025212,2020/07/27
Aidan,103743476,2020/12/02
Abdul,102056809,2020/02/13
Buckminster,100241829,2020/10/14
Burke,102577164,2021/01/11
Cally,103997335,2020/03/12
Brooke,102577164,2019/07/23
Briar,106097536,2019/10/12
Cade,103997335,2020/09/06
Caleb,105638473,2019/03/26
Caleb,103419681,2020/10/04
Abbot,106691034,2020/05/14
Ainsley,100145628,2020/07/29
Addison,103573925,2019/03/25
Aaron,104840607,2019/06/18
Addison,103573925,2020/05/14
Brielle,102577164,2019/08/07
Brynn,105047718,2019/03/04
Cadman,106691034,2019/04/20
Bruno,105047718,2020/03/16
Cadman,104840607,2019/04/20
Brody,104840607,2020/06/10
Bruno,104840607,2020/02/27
Callum,106691034,2019/10/24
Aladdin,101869474,2019/04/26
Abel,100241829,2020/05/13
Ainsley,103573925,2019/06/16
Alden,101869474,2020/01/22
Addison,101267789,2019/05/11
Addison,102577164,2020/07/10
Bruno,103743476,2020/05/22
Byron,102577164,2019/09/04
Abel,103743476,2019/08/01
Adrian,103419681,2020/09/15
Cain,105047718,2019/03/26
Byron,100356671,2020/06/07
Aileen,100356671,2020/01/05
Cailin,101869474,2019/05/17
Alan,106691034,2019/10/05
Britanni,106097536,2019/04/08
Briar,102388596,2019/02/21
Buckminster,102056809,2020/12/18
Callie,100816730,2019/10/10
Brody,102577164,2019/03/23
Aiko,100356671,2019/07/03
Brock,103997335,2020/03/23
Cade,103419681,2020/02/28
Adele,103573925,2019/07/07
Burke,101267789,2020/12/22
Ahmed,106691034,2019/04/23
Ainsley,103997335,2020/01/07
Abraham,106691034,2021/01/31
Buckminster,102056809,2020/07/12
Caldwell,101025212,2020/05/14
Cally,100145628,2020/05/25
Abbot,101025212,2020/11/08
Addison,102388596,2020/11/11
Addison,106691034,2020/05/16
Cally,100356671,2020/04/15
Adrian,106691034,2020/07/08
Aladdin,101267789,2019/10/01
Abraham,101025212,2019/04/01
Akeem,102056809,2020/08/03
Akeem,100241829,2020/11/16
Aladdin,100356671,2020/02/24
Briar,105638473,2020/06/17
Abbot,102056809,2020/07/29
Ahmed,104840607,2020/02/09
Caesar,100241829,2020/04/10
Aladdin,102056809,2019/03/08
Byron,104840607,2019/03/02
Camden,103419681,2020/04/24
Abbot,103997335,2020/12/16
Ainsley,101025212,2019/09/20
Bruce,100356671,2019/08/30
Adrienne,102917700,2020/06/26
Calvin,103419681,2020/11/29
Brock,101267789,2020/09/14
Brock,103997335,2020/02/27
Cally,106097536,2019/07/13
Cadman,106097536,2020/11/19
Alea,106691034,2019/09/25
Alan,103743476,2020/06/13
Cain,100241829,2019/03/07
Brynn,103743476,2020/12/02
Alan,103573925,2019/11/09
Camden,101025212,2020/05/21
Callie,101025212,2019/07/30
Cain,106691034,2019/07/13
Brooke,103997335,2019/09/30
Cadman,101267789,2019/12/07
Aiko,102917700,2019/10/15
Aladdin,106691034,2020/01/30
Brooke,102388596,2020/09/11
Akeem,102917700,2019/07/31
Bryar,105047718,2019/06/09
Cain,103419681,2019/12/14
Burke,100145628,2019/08/20
Bryar,100241829,2020/08/02
Cairo,103419681,2021/02/14
Buckminster,101025212,2020/07/10
Adrienne,100241829,2020/01/10
Alden,106097536,2020/07/16
Cally,102388596,2019/05/04
Brielle,100241829,2019/12/14
Adrienne,101267789,2020/05/08
Cain,106691034,2019/08/11
Byron,103573925,2020/06/04
Cally,105638473,2020/11/30
Cain,106097536,2020/03/24
Alea,100816730,2019/05/23
Akeem,104840607,2020/05/25
Cairo,106691034,2019/11/27
Abdul,106097536,2019/12/30
Cain,106691034,2019/05/07
Bruno,103573925,2019/05/05
Addison,103573925,2020/03/13
Brock,101869474,2020/01/25
Buckminster,105047718,2019/04/16
Brynn,106691034,2020/06/25
Aileen,105047718,2019/03/09
Camden,103743476,2021/01/17
Brody,100816730,2021/01/13
Cadman,100241829,2020/10/18
Acton,102388596,2019/10/26
Brielle,106691034,2019/06/21
Adara,106691034,2020/07/29
Abbot,106691034,2019/12/19
Adrienne,101025212,2020/09/07
Britanney,102577164,2020/02/16
Buckminster,103997335,2021/02/02