Gname,SSN
Buckminster,102917700
Camden,105047718
Aileen,102577164
Buckminster,102388596
Bruce,102577164
Aaron,101869474
Camden,106691034
Acton,104840607
Adele,101869474
Aladdin,105638473
Britanney,105638473
Cade,103419681
Alden,101267789
Aiko,100145628
Brody,104840607
Ahmed,102388596
Aimee,100241829
Callie,103419681
Aaron,101025212
Briar,103743476
Alan,102577164
Caldwell,102917700
Caleb,103419681
Ahmed,102388596
Cailin,106097536
Cally,102056809
Aileen,104840607
Brooke,100816730
Cain,100816730
Cairo,101267789
Aaron,103573925
Byron,102056809
Ainsley,101025212
Alden,102577164
Akeem,102056809
Caleb,100816730
Abdul,102056809
Aimee,103419681
Cadman,100816730
Callum,100145628
Addison,104840607
Caleb,105047718
Cain,101025212
Brody,100241829
Ahmed,100241829
Alan,102388596
Addison,105047718
Britanni,101025212
Aladdin,101025212
Aiko,106691034
Abraham,102577164
Bryar,102388596
Adele,102917700
Abel,102388596
Aaron,105047718
Britanni,100356671
Britanni,105047718
Abbot,105047718
Cairo,100241829
Cain,100145628
Adrienne,105638473
Brynne,100145628
Buckminster,103743476
Calvin,103997335
Brooke,101267789
Britanni,101267789
Brock,100356671
Callum,101267789
Alan,103743476
Cailin,103573925
Brody,104840607
Camden,101267789
Akeem,101025212
Cairo,101267789
Alan,101025212
Acton,100816730
Abdul,102056809
Abraham,105638473
Abraham,101025212
Callum,100241829
Brielle,103573925
Callum,100816730
Aidan,100241829
Acton,103997335
Britanni,101869474
Brody,102056809
Aidan,103573925
Acton,101869474
Cade,103997335
Byron,103743476
Callum,102388596
Cairo,105047718
Bruce,102917700
Bruce,105638473
Buckminster,105047718
Akeem,106097536
Adara,100145628
Brooke,103743476
Aladdin,105047718
Brody,102388596
Brody,103419681
Caldwell,100241829
Burton,101025212
Alea,103743476
Burton,101025212
Britanney,102388596
Callie,101869474
Burke,102577164
Brynn,102917700
Callie,101267789
Acton,100145628
Byron,100816730
Caesar,100816730
Burke,106691034
Bruno,105047718
Britanney,104840607
Calvin,100816730
Caldwell,105047718
Aaron,103743476
Brynn,104840607
Cain,105047718
Cade,104840607
Brody,106691034
Ainsley,102056809
Caesar,106097536
Aiko,102577164
Briar,106691034
Briar,102056809
Brody,100241829
Cain,103743476
Burton,101025212
Akeem,103997335
Adara,100816730
Acton,101267789
Addison,102056809
Caesar,101025212
Burke,100816730
Briar,106691034
Abraham,103997335
Callie,106691034
Addison,100356671
Aidan,102577164
Akeem,105047718
Caesar,100356671
Brielle,101267789
Camden,102388596
Alden,103997335
Cain,100356671
Bryar,101869474
Burton,105047718
Alea,101267789
Cailin,101267789
Abraham,102056809
Aaron,103743476
Brielle,100816730
Bryar,100145628
Britanney,100356671
Acton,101025212
Cadman,103573925
Adele,103743476
Adrienne,103997335
Akeem,101025212
Alden,105047718
Aileen,100816730
Brynne,102388596
Brynne,103997335
Brynne,101025212
Cade,103743476
Brynne,104840607
Alden,102577164
Aidan,105047718
Alea,105638473
Brock,101869474
Aaron,106097536
Cade,100356671
Ahmed,101267789
Caesar,103997335
Caesar,103743476
Bruno,104840607
Britanni,102388596
Bruno,103997335
Byron,100356671
Abraham,102388596
Cadman,104840607
Addison,100241829
Addison,103997335
Alden,101267789
Alden,101869474
Adrian,102577164
Caldwell,103743476
Cadman,100356671
Aileen,100241829
Bruce,102917700
Byron,100816730
Cadman,101267789
Addison,100816730
Aladdin,103419681
Aiko,103997335
Britanni,103573925
Addison,104840607
Aimee,102388596
Burke,101025212
Brynn,105047718
Buckminster,102388596
Camden,102577164
Cailin,101869474
Ainsley,106691034
Aidan,101869474
Callie,103743476
Abdul,100145628
Aileen,101025212
Aaron,104840607
Byron,102577164
Brynne,106691034
Caleb,102577164
Cade,105047718
Britanni,103743476
Abraham,103573925
Britanney,102917700
Aladdin,105638473
Burke,104840607
Ainsley,104840607
Britanni,103419681
Cadman,103743476
Adara,100145628
Akeem,102056809
Caldwell,104840607
Ainsley,104840607
Burke,102577164
Brynn,102056809
Ahmed,100356671
Cade,100241829
Brooke,105047718
Bruce,100241829
Aidan,103573925
Aidan,101869474
Brock,102056809
Cade,102577164
Bruno,102056809
Burton,105047718
Adele,103573925
Calvin,106097536
Brock,101267789
Cadman,100241829
Briar,104840607
Aladdin,103997335
Bruce,106097536
Camden,102056809
Caldwell,102056809
Byron,100145628
Callum,100145628
Abbot,102388596
Cade,103997335
Adrian,103743476
Britanney,103743476
Byron,104840607
Abraham,103743476
Adrian,101267789
Caesar,101025212
Brooke,102388596
Callie,101267789
Aladdin,103743476
Cade,102917700
Cailin,100356671
Britanney,101869474
Ahmed,103573925
Aileen,106097536
Brock,103743476
Brynne,102577164
Cadman,101025212
Callum,101869474
Abdul,101025212
Abbot,102577164
Cally,106097536
Ainsley,102388596
Akeem,106097536
Cadman,104840607
Calvin,102056809
Britanney,102917700
Cairo,101025212
Aaron,103419681
Buckminster,102388596
Brock,100356671
Callie,106097536
Caleb,101025212
Adrienne,100356671
Ainsley,100356671
Aimee,106097536
Cade,102056809
Cairo,100356671
Aimee,104840607
Acton,100145628
Brody,103743476
Brock,100145628
Addison,104840607
Abbot,103419681
Aladdin,103573925
Briar,103997335
Abraham,100356671
Callie,103743476
Caesar,100816730
Adrienne,103573925
Brock,102577164
Alden,103419681
Alden,103743476
Aaron,100145628
Alan,102917700
Briar,104840607
Bruno,100241829
Caleb,100356671
Alea,102917700
Brynn,104840607
Britanni,101025212
Cally,105638473
Cairo,102056809
Burke,100816730
Adrian,102388596
Adrian,101869474
Adrienne,103573925
Abraham,105047718
Briar,101267789
Cally,105638473
Brooke,103743476
Bruce,102577164
Abraham,104840607
Adele,102056809
Cairo,100241829
Aidan,100241829
Abel,100145628
Caldwell,100356671
Aimee,106691034
Acton,102388596
Cain,104840607
Abel,102388596
Brielle,101025212
Alan,102917700
Byron,102388596
Burke,103743476
Adara,103997335
Adara,101025212
Caleb,105047718
Abel,101025212
Burke,103419681
Cain,103743476
Brynne,105047718
Brynne,102577164
Aiko,102917700
Cally,103743476
Brynn,100816730
Aileen,102577164
Cadman,102577164
Adara,102577164
Bryar,105047718
Abraham,106097536
Caldwell,106097536
Aladdin,101025212
Callie,102577164
Callum,105047718
Brody,100356671
Alan,105047718
Cailin,102388596
Cadman,101267789
Abdul,103743476
Brynne,104840607
Brooke,103419681
Abbot,102388596
Aidan,100241829
Bruno,100241829
Brock,101025212
Cairo,106691034
Callum,100145628
Cally,101267789
Burton,101025212
Britanni,106097536
Caesar,101869474
Ahmed,100356671
Adara,105638473
Aaron,103997335
Brynne,103997335
Brody,103997335
Acton,102917700
Ahmed,102388596
Brynne,106691034
Briar,102577164
Cadman,100145628
Cade,105047718
Akeem,106097536
Cadman,102577164
Aidan,103997335
Brooke,100145628
Brody,106691034
Byron,101025212
Abraham,102388596
Camden,104840607
Cally,101267789
Abraham,101025212
Brooke,101869474
Bruno,103573925
Ainsley,100145628
Addison,100356671